"src_ip",count
"134.199.65.112",3
"134.199.65.127",7
"134.199.65.25",10
"134.199.65.252",7
"134.199.65.36",1
"134.199.65.8",1
"134.199.66.112",2
"134.199.66.119",1
"134.199.66.154",1
"134.199.66.159",1
"134.199.66.160",7
"134.199.66.178",7
"134.199.66.18",2
"134.199.66.184",3
"134.199.66.19",1
"134.199.66.243",1
"134.199.66.27",7
"134.199.66.78",1
"134.199.66.8",2
"134.199.67.1",1
"134.199.67.106",1
"134.199.67.129",1
"134.199.67.140",1
"134.199.67.151",1
"134.199.67.165",1
"134.199.67.167",7
"134.199.67.179",1
"134.199.67.18",2
"134.199.67.184",1
"134.199.67.194",1
"134.199.67.195",14
"134.199.67.227",1
"134.199.67.23",1
"134.199.67.230",1
"134.199.67.246",1
"134.199.67.26",1
"134.199.67.37",3
"134.199.67.52",1
"134.199.67.61",1
"134.199.67.69",2
"134.199.67.70",2
"134.199.67.73",1
"134.199.67.76",1
"134.199.67.87",1
"134.199.67.88",1
"134.199.69.124",1
"134.199.69.140",1
"134.199.69.18",1
"134.199.69.202",1
"134.199.69.224",1
"134.199.69.24",1
"134.199.69.83",1
